sentiment_category,avg_likes,avg_retweets
Negative,75.94871794871794,26.384615384615383
Positive,73.37931034482759,19.482758620689655
Neutral,68.3125,28.78125
