AgeGroup,avg_likes,avg_retweets
Adult,77.33333333333333,25.476190476190474
Teen,73.58823529411765,26.529411764705884
Senior,69.1,22.65
